collector,threads,ops_per_second
SyncMetricsCollector,1,463415785.452
SyncMetricsCollectorWrapper,1,154642875.728
SyncMetricsCollectorWrapper,2,29630452.546
SyncMetricsCollectorWrapper,4,21401800.982
SyncMetricsCollectorWrapper,6,45118896.169
SyncMetricsCollectorWrapper,8,20983278.315
SyncMetricsCollectorWrapper,12,24903693.985
SyncMetricsCollectorWrapper,16,28823943.395
SyncMetricsCollectorWrapper,32,43946700.296
ShardedMetricsCollector,1,48430967.324
ShardedMetricsCollector,2,17507437.694
ShardedMetricsCollector,4,17091275.757
ShardedMetricsCollector,6,14219782.390
ShardedMetricsCollector,8,14117236.754
ShardedMetricsCollector,12,13822267.406
ShardedMetricsCollector,16,14540925.037
ShardedMetricsCollector,32,14830560.694
EmptyMetricsCollector,1,162044105.355
EmptyMetricsCollector,2,33492498.651
EmptyMetricsCollector,4,32768005.295
EmptyMetricsCollector,6,28481043.903
EmptyMetricsCollector,8,28375482.283
EmptyMetricsCollector,12,31889897.328
EmptyMetricsCollector,16,27939853.999
EmptyMetricsCollector,32,31795373.604
SyncMetricsCollector,1,467796495.031
SyncMetricsCollector,1,458658130.182
ThreadLocalMetricsCollector,1,226699154.200
ThreadLocalMetricsCollector,2,435859129.059
ThreadLocalMetricsCollector,4,839465702.320
ThreadLocalMetricsCollector,6,1225830503.556
ThreadLocalMetricsCollector,8,1684415915.950
ThreadLocalMetricsCollector,12,1816659831.522
ThreadLocalMetricsCollector,16,1854412793.785
ThreadLocalMetricsCollector,32,1864953917.392
DoubleBufferingMetricsCollector,1,175490405.799
DoubleBufferingMetricsCollector,2,337389247.017
DoubleBufferingMetricsCollector,4,649512945.590
DoubleBufferingMetricsCollector,6,976452209.974
DoubleBufferingMetricsCollector,8,1303200373.380
DoubleBufferingMetricsCollector,12,1433155600.734
DoubleBufferingMetricsCollector,16,1392027318.419
DoubleBufferingMetricsCollector,32,1414092128.042
SyncMetricsCollectorWrapper,10,45472085.028
ShardedMetricsCollector,10,13551461.985
EmptyMetricsCollector,10,32544617.730
ThreadLocalMetricsCollector,10,1759223774.668
DoubleBufferingMetricsCollector,10,1369324796.109
